,Accuracy,AUC,Precision,Recall,F1,MCC
Logistic Regression,0.7966101694915254,0.9020979020979021,0.7837837837837838,0.8787878787878788,0.8285714285714286,0.58632745904864
Decision Tree,0.6949152542372882,0.6864801864801865,0.7142857142857143,0.7575757575757576,0.7352941176470589,0.37693519612811704
kNN,0.847457627118644,0.925990675990676,0.8529411764705882,0.8787878787878788,0.8656716417910447,0.6897031158718433
Naive Bayes,0.864406779661017,0.9335664335664335,0.8571428571428571,0.9090909090909091,0.8823529411764706,0.7244223300587249
Random Forest (Ensemble),0.8305084745762712,0.9306526806526807,0.7948717948717948,0.9393939393939394,0.8611111111111112,0.6625342607321937
XGBoost (Ensemble),0.7796610169491526,0.8694638694638694,0.7631578947368421,0.8787878787878788,0.8169014084507042,0.5522949986701684
